{
    "FIJ": 1.0,
    "JAM": 0.9939393939393939,
    "NZL": 0.9878787878787879,
    "BAH": 0.9818181818181818,
    "DEN": 0.9757575757575757,
    "CRO": 0.9696969696969697,
    "AUS": 0.9636363636363636,
    "EST": 0.9575757575757575,
    "SWE": 0.9515151515151515,
    "NED": 0.9454545454545454,
    "LTU": 0.9393939393939394,
    "HUN": 0.9333333333333333,
    "GBR": 0.9272727272727272,
    "GER": 0.9212121212121213,
    "SLO": 0.9151515151515152,
    "CAN": 0.9090909090909091,
    "GEO": 0.9030303030303031,
    "BEL": 0.896969696969697,
    "AZE": 0.8909090909090909,
    "SVK": 0.8848484848484849,
    "BRN": 0.8787878787878788,
    "CZE": 0.8727272727272727,
    "FRA": 0.8666666666666667,
    "SUI": 0.8606060606060606,
    "ARM": 0.8545454545454545,
    "BLR": 0.8484848484848485,
    "ITA": 0.8424242424242424,
    "BUL": 0.8363636363636363,
    "ESP": 0.8303030303030303,
    "USA": 0.8242424242424242,
    "RUS": 0.8181818181818182,
    "KAZ": 0.8121212121212121,
    "GRE": 0.806060606060606,
    "IRL": 0.8,
    "KOR": 0.793939393939394,
    "JPN": 0.7878787878787878,
    "ARG": 0.7818181818181819,
    "QAT": 0.7757575757575758,
    "POL": 0.7696969696969697,
    "RSA": 0.7636363636363637,
    "MGL": 0.7575757575757576,
    "UKR": 0.7515151515151515,
    "MDA": 0.7454545454545455,
    "TUN": 0.7393939393939394,
    "MAS": 0.7333333333333333,
    "KEN": 0.7272727272727273,
    "BRA": 0.7212121212121212,
    "ISR": 0.7151515151515152,
    "AUT": 0.7090909090909091,
    "UZB": 0.703030303030303,
    "SIN": 0.696969696969697,
    "JOR": 0.6909090909090909,
    "COL": 0.6848484848484848,
    "TJK": 0.6787878787878788,
    "UAE": 0.6727272727272727,
    "TUR": 0.6666666666666666,
    "POR": 0.6606060606060606,
    "DOM": 0.6545454545454545,
    "BDI": 0.6484848484848484,
    "THA": 0.6424242424242425,
    "ETH": 0.6363636363636364,
    "CHN": 0.6303030303030303,
    "ALG": 0.6242424242424243,
    "NIG": 0.6181818181818182,
    "CIV": 0.6121212121212121,
    "EGY": 0.6060606060606061,
    "MEX": 0.6,
    "VIE": 0.593939393939394,
    "INA": 0.5878787878787879,
    "PHI": 0.5818181818181818,
    "IND": 0.5757575757575758,
    "CGO": 0.2878787878787879,
    "MKD": 0.2878787878787879,
    "GAB": 0.2878787878787879,
    "FSM": 0.2878787878787879,
    "FIN": 0.2878787878787879,
    "ESA": 0.2878787878787879,
    "ANG": 0.2878787878787879,
    "ANT": 0.2878787878787879,
    "BAN": 0.2878787878787879,
    "BAR": 0.2878787878787879,
    "BEN": 0.2878787878787879,
    "CAF": 0.2878787878787879,
    "MAR": 0.2878787878787879,
    "BHU": 0.2878787878787879,
    "BIH": 0.2878787878787879,
    "BIZ": 0.2878787878787879,
    "BOL": 0.2878787878787879,
    "BOT": 0.2878787878787879,
    "BRU": 0.2878787878787879,
    "BUR": 0.2878787878787879,
    "MLI": 0.2878787878787879,
    "MAW": 0.2878787878787879,
    "HON": 0.2878787878787879,
    "MAD": 0.2878787878787879,
    "HKG": 0.2878787878787879,
    "CHI": 0.2878787878787879,
    "GBS": 0.2878787878787879,
    "GEQ": 0.2878787878787879,
    "GHA": 0.2878787878787879,
    "GRN": 0.2878787878787879,
    "GUA": 0.2878787878787879,
    "GUI": 0.2878787878787879,
    "GUY": 0.2878787878787879,
    "HAI": 0.2878787878787879,
    "IRQ": 0.2878787878787879,
    "LUX": 0.2878787878787879,
    "ISL": 0.2878787878787879,
    "ALB": 0.2878787878787879,
    "KGZ": 0.2878787878787879,
    "KSA": 0.2878787878787879,
    "LAO": 0.2878787878787879,
    "LAT": 0.2878787878787879,
    "LCA": 0.2878787878787879,
    "LES": 0.2878787878787879,
    "LIB": 0.2878787878787879,
    "CHA": 0.2878787878787879,
    "YEM": 0.2878787878787879,
    "CMR": 0.2878787878787879,
    "VIN": 0.2878787878787879,
    "SEY": 0.2878787878787879,
    "SEN": 0.2878787878787879,
    "RWA": 0.2878787878787879,
    "PAN": 0.2878787878787879,
    "SAM": 0.2878787878787879,
    "PAK": 0.2878787878787879,
    "MYA": 0.2878787878787879,
    "NAM": 0.2878787878787879,
    "ZAM": 0.2878787878787879,
    "NCA": 0.2878787878787879,
    "MOZ": 0.2878787878787879,
    "TKM": 0.2878787878787879,
    "NEP": 0.2878787878787879,
    "VAN": 0.2878787878787879,
    "URU": 0.2878787878787879,
    "NOR": 0.2878787878787879,
    "NRU": 0.2878787878787879,
    "TOG": 0.2878787878787879,
    "OMA": 0.2878787878787879,
    "NGR": 0.2878787878787879,
    "SKN": 0.2878787878787879,
    "PLW": 0.2878787878787879,
    "COD": 0.2878787878787879,
    "AFG": 0.2878787878787879,
    "COM": 0.2878787878787879,
    "CPV": 0.2878787878787879,
    "CRC": 0.2878787878787879,
    "CYP": 0.2878787878787879,
    "DJI": 0.2878787878787879,
    "DMA": 0.2878787878787879,
    "ECU": 0.2878787878787879,
    "CAM": 0.2878787878787879,
    "MLT": 0.2878787878787879,
    "MRI": 0.2878787878787879,
    "SOL": 0.2878787878787879,
    "TGA": 0.2878787878787879,
    "PAR": 0.2878787878787879,
    "TAN": 0.2878787878787879,
    "SWZ": 0.2878787878787879,
    "SUR": 0.2878787878787879,
    "PER": 0.2878787878787879,
    "SUD": 0.2878787878787879,
    "STP": 0.2878787878787879,
    "SRI": 0.2878787878787879,
    "ZIM": 0.2878787878787879
}